{
    "name": "NASA Space Apps 2025 - Kuwait",
    "0": {
        "lat": 52.62570997523267,
        "lng": -37.24365234375,
        "title": "1234567",
        "desc": "1234567",
        "ts": 1759581049
    },
    "1": {
        "lat": 52.1882858197062,
        "lng": -37.760009765625,
        "title": "123123",
        "desc": "123",
        "ts": 1759581219
    },
    "2": {
        "lat": 49.06855704086065,
        "lng": -38.924560546875,
        "title": "12345",
        "desc": "123",
        "ts": 1759581246
    },
    "3": {
        "lat": 31.825324616657092,
        "lng": -69.9609375,
        "title": "abcd",
        "desc": "efg",
        "ts": 1759592095
    },
    "4": {
        "lat": 29.316955496443356,
        "lng": 48.2135009765625,
        "title": "abc",
        "desc": "abc",
        "ts": 1759596873
    },
    "5": {
        "lat": 29.290972593046597,
        "lng": 48.2080078125,
        "title": "cs",
        "desc": "sc",
        "ts": 1759597116
    },
    "6": {
        "lat": 29.3060302734375,
        "lng": 48.2135009765625,
        "title": "test0",
        "desc": "testing",
        "ts": 1759597252
    },
    "7": {
        "lat": 21.28131112467541,
        "lng": 22.126364964815355,
        "title": "test2",
        "desc": "12",
        "ts": 1759602463
    },
    "8": {
        "lat": -0.26193708576389696,
        "lng": -1.669921875,
        "title": "test",
        "desc": "34",
        "ts": 1759647509
    }
}