{
    "name": "NASA Space Apps 2025 - Kuwait",
    "0": {
        "lat": 43.77422765679019,
        "lng": 206.80664062500003,
        "title": "dd",
        "desc": "ss",
        "ts": 1759565438
    },
    "1": {
        "lat": 39.38825972617201,
        "lng": 194.41406250000003,
        "title": "ccc",
        "desc": "ccc",
        "ts": 1759565453
    },
    "2": {
        "lat": 51.84726919806853,
        "lng": 201.79687500000003,
        "title": "ccc",
        "desc": "ccc",
        "ts": 1759565705
    },
    "3": {
        "lat": -4.996006487104535,
        "lng": -161.45507812500003,
        "title": "dd",
        "desc": "xx",
        "ts": 1759566470
    },
    "4": {
        "lat": 48.238079023731046,
        "lng": 202.50000000000003,
        "title": "bb",
        "desc": "zxc",
        "ts": 1759580892
    },
    "5": {
        "lat": 17.15582626436002,
        "lng": -170.26138216605818,
        "title": "Label",
        "desc": "",
        "ts": 1759581811
    },
    "6": {
        "lat": 17.15582626436002,
        "lng": -170.26138216605818,
        "title": "Label",
        "desc": "",
        "ts": 1759581812
    },
    "7": {
        "lat": 20.22296843621093,
        "lng": 9.206542968750002,
        "title": "Label",
        "desc": "",
        "ts": 1759597425
    },
    "8": {
        "lat": 19.58267837332512,
        "lng": 10.239257812500002,
        "title": "dss",
        "desc": "ssd",
        "ts": 1759597437
    },
    "9": {
        "lat": 48.99595805323376,
        "lng": -73.85009765625001,
        "title": "test1",
        "desc": "jeyad wahab",
        "ts": 1759598432
    },
    "10": {
        "lat": 6.667982629165994,
        "lng": -2.8125,
        "title": "xx",
        "desc": "xx",
        "ts": 1759647556
    },
    "11": {
        "lat": 50.52561644274403,
        "lng": 1.7578125000000002,
        "title": "test jeyad",
        "desc": "123",
        "ts": 1759652014
    }
}